{
    "LabyrinthEscapeEasy": [
        [
            68206,
            -0.3977864583333333
        ],
        [
            135556,
            -0.3503515625
        ],
        [
            203044,
            -0.430986328125
        ],
        [
            271143,
            -0.442138671875
        ],
        [
            338425,
            -0.466953125
        ],
        [
            406145,
            -0.551630859375
        ]
    ],
    "LabyrinthEscapeMedium": [
        [
            68191,
            -0.8111658230633803
        ],
        [
            135916,
            -0.876904296875
        ],
        [
            203381,
            -0.842177734375
        ],
        [
            271347,
            -0.802138671875
        ],
        [
            339422,
            -0.82576171875
        ],
        [
            407638,
            -0.8664453125
        ]
    ],
    "LabyrinthEscapeHard": [
        [
            67726,
            -0.8860677083333334
        ],
        [
            136680,
            -0.95451171875
        ],
        [
            206170,
            -0.955263671875
        ],
        [
            274100,
            -0.94291015625
        ],
        [
            343204,
            -0.970087890625
        ],
        [
            412205,
            -0.959033203125
        ]
    ],
    "LabyrinthExploreEasy": [
        [
            69083,
            -0.3640966152085834
        ],
        [
            138647,
            -0.3555644132653061
        ],
        [
            208211,
            -0.3557708864795918
        ],
        [
            277350,
            -0.34541892538265295
        ],
        [
            346914,
            -0.3192030054209183
        ],
        [
            416478,
            -0.3298953683035714
        ]
    ],
    "LabyrinthExploreMedium": [
        [
            69564,
            -0.6121514518742419
        ],
        [
            139128,
            -0.6288478576030928
        ],
        [
            208692,
            -0.6265906894329898
        ],
        [
            278256,
            -0.6355065037048968
        ],
        [
            347820,
            -0.6489366543170102
        ],
        [
            417384,
            -0.6119190963273196
        ]
    ],
    "LabyrinthExploreHard": [
        [
            69564,
            -0.757705549101434
        ],
        [
            139128,
            -0.7465180391110249
        ],
        [
            208692,
            -0.754783943128882
        ],
        [
            278256,
            -0.7740470933618012
        ],
        [
            347820,
            -0.7850443395768633
        ],
        [
            417384,
            -0.7887819657414594
        ]
    ]
}