{
    "LabyrinthEscapeEasy": [
        -0.6214192708333334,
        -0.50634765625,
        -0.4560546875,
        -0.12451171875,
        -0.4080810546875,
        -0.6050618489583334
    ],
    "LabyrinthEscapeMedium": [
        -0.9990234375,
        -0.9990234375,
        -0.8718927556818182,
        -0.4248046875,
        -0.6708984375,
        -0.7902166193181818
    ],
    "LabyrinthEscapeHard": [
        -0.572265625,
        -0.8161272321428571,
        -0.8826349431818182,
        -0.9990234375,
        -0.9990234375,
        -0.9990234375
    ],
    "LabyrinthExploreEasy": [
        -0.6034060108418366,
        -0.4679694143282312,
        -0.4750976562499999,
        -0.4750976562500001,
        -0.5570724383503401,
        -0.6376215720663265
    ],
    "LabyrinthExploreMedium": [
        -0.6378765302835052,
        -0.6754959997852233,
        -0.6570624597293815,
        -0.7845924613402064,
        -0.7639017531142613,
        -0.7845924613402063
    ],
    "LabyrinthExploreHard": [
        -0.7905789013975154,
        -0.784589115877329,
        -0.8071107094332298,
        -0.8013605153338508,
        -0.7678177164208072,
        -0.8121421292701863
    ]
}