{
    "LabyrinthEscapeEasy": [
        [
            67262,
            -0.26612974016853935
        ],
        [
            135114,
            -0.390751953125
        ],
        [
            200944,
            -0.32037109375
        ],
        [
            268300,
            -0.40373046875
        ],
        [
            335485,
            -0.189384765625
        ],
        [
            403066,
            -0.21185546875
        ]
    ],
    "LabyrinthEscapeMedium": [
        [
            68207,
            -0.797301386443662
        ],
        [
            135970,
            -0.8908203125
        ],
        [
            205176,
            -0.923857421875
        ],
        [
            272594,
            -0.886748046875
        ],
        [
            339622,
            -0.887666015625
        ],
        [
            407347,
            -0.778017578125
        ]
    ],
    "LabyrinthEscapeHard": [
        [
            68453,
            -0.8963569972826086
        ],
        [
            136760,
            -0.938330078125
        ],
        [
            205669,
            -0.962626953125
        ],
        [
            273914,
            -0.930234375
        ],
        [
            343273,
            -0.969697265625
        ],
        [
            412837,
            -0.987021484375
        ]
    ],
    "LabyrinthExploreEasy": [
        [
            68992,
            -0.35021049435399154
        ],
        [
            138556,
            -0.33337452168367343
        ],
        [
            207488,
            -0.26882533482142856
        ],
        [
            276447,
            -0.21013492506377546
        ],
        [
            343082,
            -0.1914289700255101
        ],
        [
            411688,
            -0.03032545440050998
        ]
    ],
    "LabyrinthExploreMedium": [
        [
            69564,
            -0.6076703091835961
        ],
        [
            139128,
            -0.5961189191365979
        ],
        [
            208692,
            -0.6043575829574741
        ],
        [
            278256,
            -0.5497341132409792
        ],
        [
            347820,
            -0.5280652988079898
        ],
        [
            417384,
            -0.45651306781572165
        ]
    ],
    "LabyrinthExploreHard": [
        [
            69564,
            -0.7368822359106684
        ],
        [
            139128,
            -0.7397615610442546
        ],
        [
            208692,
            -0.7421335161102485
        ],
        [
            278256,
            -0.7409115998641301
        ],
        [
            347820,
            -0.719779636548913
        ],
        [
            417384,
            -0.6846315751164596
        ]
    ]
}